Interest,URL
Remote Work,https://remote.co/
Remote Work,https://weworkremotely.com/
Remote Work,https://nodesk.co/remote-jobs/
Remote Work,https://remote.com/jobs
Remote Work,https://www.flexjobs.com/
Remote Work,https://www.indeed.com/q-Remote-jobs.html
Remote Work,https://remote.co/remote-jobs/
Remote Work,https://www.upwork.com/resources/what-is-remote-work
Remote Work,https://remote.com/blog/remote-work
Remote Work,https://remote.co/remote-jobs/it/
Fashion,https://www.vogue.com/fashion
Fashion,https://en.wikipedia.org/wiki/Fashion
Fashion,https://www.vogue.com/fashion/trends
Fashion,https://www.vogue.com/
Fashion,https://en.vogue.me/
Fashion,https://www.elle.com/fashion/
Fashion,https://www.vogue.co.uk/fashion
Fashion,https://www.vogue.fr/fashion
Fashion,https://www.ft.com/content/65a5a61a-f855-49dc-876e-c649a202cef0
Fashion,https://www.instyle.com/fashion
Minimalism,https://www.theminimalists.com/minimalism/
Minimalism,https://www.becomingminimalist.com/what-is-minimalism/
Minimalism,https://en.wikipedia.org/wiki/Minimalism
Minimalism,https://www.youtube.com/watch?v=J8DGjUv-Vjc
Minimalism,https://www.minimalismmadesimple.com/home/minimalist-tips/
Minimalism,https://www.bbc.com/culture/article/20210330-is-a-simple-minimalist-life-the-key-to-happiness
Minimalism,https://minimalism.co/articles/minimalist-living-simplify-your-life
Minimalism,https://www.breakthetwitch.com/minimalism/
Minimalism,https://mymodernmet.com/what-is-minimalism-definition/
Minimalism,https://minimalism.com/what-is-minimalism
